Date,riv - low,Load,Holiday
1/1/2014,30,9823.083333,TRUE
1/2/2014,38,11018.125,FALSE
1/3/2014,36,11055.58333,FALSE
1/4/2014,38,10198.75,FALSE
1/5/2014,38,9845.666667,FALSE
1/6/2014,39,11090.54167,FALSE
1/7/2014,32,11261.16667,FALSE
1/8/2014,33,11448.70833,FALSE
1/9/2014,33,11719.04167,FALSE
1/10/2014,35,11486.20833,FALSE
1/11/2014,35,10436.54167,FALSE
1/12/2014,34,10092.04167,FALSE
1/13/2014,46,11235.79167,FALSE
1/14/2014,39,11421.79167,FALSE
1/15/2014,43,11451.95833,FALSE
1/16/2014,41,11512.70833,FALSE
1/17/2014,40,11308.875,FALSE
1/18/2014,33,10172.16667,FALSE
1/19/2014,35,9919.541667,FALSE
1/20/2014,33,10934.875,TRUE
1/21/2014,39,11314.66667,FALSE
1/22/2014,41,11302.25,FALSE
1/23/2014,34,11342.58333,FALSE
1/24/2014,56,11234.625,FALSE
1/25/2014,46,10130.5,FALSE
1/26/2014,39,9745,FALSE
1/27/2014,41,11166.70833,FALSE
1/28/2014,37,11357.125,FALSE
1/29/2014,40,11325.16667,FALSE
1/30/2014,41,11169.66667,FALSE
1/31/2014,42,11025.25,FALSE
2/1/2014,32,10048.91667,FALSE
2/2/2014,28,9883.666667,FALSE
2/3/2014,39,11052.08333,FALSE
2/4/2014,36,11296.91667,FALSE
2/5/2014,37,11138.20833,FALSE
2/6/2014,45,11059.83333,FALSE
2/7/2014,48,10916.83333,FALSE
2/8/2014,42,10038.83333,FALSE
2/9/2014,48,9609.125,FALSE
2/10/2014,45,10878.875,FALSE
2/11/2014,37,11093.91667,FALSE
2/12/2014,40,11152.33333,TRUE
2/13/2014,41,11143.25,FALSE
2/14/2014,39,10962.83333,FALSE
2/15/2014,40,9959.708333,FALSE
2/16/2014,44,9379.25,FALSE
2/17/2014,40,10340.29167,FALSE
2/18/2014,45,10839.79167,FALSE
2/19/2014,43,10800.875,FALSE
2/20/2014,39,10989.70833,FALSE
2/21/2014,42,10851.41667,FALSE
2/22/2014,37,9718.083333,TRUE
2/23/2014,36,9500.666667,FALSE
2/24/2014,38,10682.79167,FALSE
2/25/2014,56,10773.79167,FALSE
2/26/2014,57,10797.95833,FALSE
2/27/2014,56,10773.16667,FALSE
2/28/2014,56,10788.875,FALSE
3/1/2014,54,9776.708333,FALSE
3/2/2014,54,9437.708333,FALSE
3/3/2014,51,10638.04167,TRUE
3/4/2014,54,10720.45833,FALSE
3/5/2014,43,10887.29167,FALSE
3/6/2014,49,10864.66667,FALSE
3/7/2014,53,10747.91667,FALSE
3/8/2014,50,9918.791667,FALSE
3/10/2014,43,11012.95833,FALSE
3/11/2014,43,11191,FALSE
3/12/2014,52,11106.16667,FALSE
3/13/2014,46,11082.125,FALSE
3/14/2014,42,10959.5,FALSE
3/15/2014,45,10185.75,FALSE
3/16/2014,42,9927.791667,FALSE
3/17/2014,44,11234.54167,FALSE
3/18/2014,49,11222.08333,FALSE
3/19/2014,46,11233.83333,FALSE
3/20/2014,44,11235.08333,FALSE
3/21/2014,46,10953.20833,FALSE
3/22/2014,46,9950.416667,FALSE
3/23/2014,45,9506.291667,FALSE
3/24/2014,51,10971.5,FALSE
3/25/2014,53,11123.45833,FALSE
3/26/2014,51,11084.58333,FALSE
3/27/2014,42,11047.66667,FALSE
3/28/2014,40,10913.54167,FALSE
3/29/2014,43,9952.916667,FALSE
3/30/2014,50,9470.458333,FALSE
3/31/2014,39,10697.83333,FALSE
4/1/2014,46,10820.58333,FALSE
4/2/2014,40,10918.16667,FALSE
4/3/2014,35,10930.75,FALSE
4/4/2014,45,10800.95833,FALSE
4/5/2014,37,9889.083333,FALSE
4/6/2014,38,9510.333333,FALSE
4/7/2014,40,11441.91667,FALSE
4/8/2014,46,12107,FALSE
4/9/2014,48,12080.625,FALSE
4/10/2014,41,11687.125,FALSE
4/11/2014,50,11520.5,FALSE
4/12/2014,47,10072.91667,FALSE
4/13/2014,50,9631.041667,FALSE
4/14/2014,42,11362.625,FALSE
4/15/2014,48,11561.375,FALSE
4/16/2014,45,11515.91667,FALSE
4/17/2014,48,11378.79167,FALSE
4/18/2014,56,10930.91667,TRUE
4/19/2014,47,10168.04167,FALSE
4/20/2014,48,9744.458333,FALSE
4/21/2014,51,11621.54167,FALSE
4/22/2014,50,11280.66667,FALSE
4/23/2014,44,11198.625,FALSE
4/24/2014,45,11422.91667,FALSE
4/25/2014,47,11055.83333,FALSE
4/26/2014,46,9803.541667,FALSE
4/27/2014,45,9402.416667,FALSE
4/28/2014,44,11243.29167,FALSE
5/1/2014,53,13087.66667,FALSE
5/2/2014,49,13391.41667,FALSE
5/3/2014,50,12023.58333,FALSE
5/4/2014,49,10744.08333,FALSE
5/5/2014,46,11461.08333,FALSE
5/6/2014,50,11059.04167,FALSE
5/7/2014,46,11022.41667,FALSE
5/8/2014,51,11208.625,FALSE
5/9/2014,48,11195.16667,FALSE
5/10/2014,52,10133.29167,FALSE
5/11/2014,50,9661.291667,FALSE
5/12/2014,50,12171.29167,FALSE
5/13/2014,51,13170.45833,FALSE
5/14/2014,68,14288.83333,FALSE
5/15/2014,52,15205.04167,FALSE
5/16/2014,54,14789.41667,FALSE
5/17/2014,55,12499.16667,FALSE
5/18/2014,55,10905.70833,FALSE
5/19/2014,57,11831.5,FALSE
5/20/2014,52,11492.41667,FALSE
5/21/2014,47,11427.95833,FALSE
5/22/2014,53,11447.41667,FALSE
5/23/2014,57,11422.58333,FALSE
5/24/2014,58,10407.91667,FALSE
5/25/2014,59,10529.58333,FALSE
5/26/2014,56,11602.125,TRUE
5/27/2014,57,13518.20833,FALSE
5/28/2014,59,13317.125,FALSE
5/29/2014,53,12901.75,FALSE
5/30/2014,54,12278.83333,FALSE
5/31/2014,52,11681.875,FALSE
6/1/2014,51,11184.08333,FALSE
6/2/2014,52,12470.70833,FALSE
6/3/2014,50,12768.29167,FALSE
6/4/2014,51,12983.04167,FALSE
6/5/2014,53,13079.83333,FALSE
6/6/2014,55,12730.54167,FALSE
6/7/2014,56,11513.04167,FALSE
6/8/2014,55,11732.08333,FALSE
6/9/2014,60,13534.25,FALSE
6/10/2014,59,13010.91667,FALSE
6/11/2014,58,12920.79167,FALSE
6/12/2014,55,12850.04167,FALSE
6/13/2014,53,12421.5,FALSE
6/14/2014,54,11369.75,FALSE
6/15/2014,54,10756.79167,FALSE
6/16/2014,55,12057.16667,FALSE
6/17/2014,55,12054.95833,FALSE
6/18/2014,52,12250.125,FALSE
6/19/2014,53,12936.41667,FALSE
6/20/2014,56,13508.08333,FALSE
6/21/2014,58,12395.79167,FALSE
6/22/2014,54,11533.66667,FALSE
6/23/2014,56,13033.33333,FALSE
6/24/2014,57,13398.5,FALSE
6/25/2014,59,13484.58333,FALSE
6/26/2014,59,13321.41667,FALSE
6/27/2014,62,13230.70833,FALSE
6/28/2014,59,12546.375,FALSE
6/29/2014,60,12551.45833,FALSE
6/30/2014,62,14180.79167,FALSE
7/1/2014,61,14425.75,FALSE
7/2/2014,61,14458,FALSE
7/3/2014,61,14985.45833,FALSE
7/4/2014,68,13831.33333,TRUE
7/5/2014,68,13949.29167,FALSE
7/6/2014,66,13793.70833,FALSE
7/7/2014,66,15446.20833,FALSE
7/8/2014,65,15487.45833,FALSE
7/9/2014,63,15187.875,FALSE
7/10/2014,61,14618.25,FALSE
7/11/2014,60,14147.20833,FALSE
7/12/2014,61,13308.33333,FALSE
7/13/2014,65,13901.875,FALSE
7/14/2014,70,14554.45833,FALSE
7/15/2014,68,14741.83333,FALSE
7/16/2014,65,14157.375,FALSE
7/17/2014,59,13439.70833,FALSE
7/18/2014,56,13222.54167,FALSE
7/19/2014,60,11992,FALSE
7/20/2014,62,11922.83333,FALSE
7/21/2014,59,13807.20833,FALSE
7/22/2014,59,14505,FALSE
7/23/2014,60,15253.375,FALSE
7/24/2014,62,16251.79167,FALSE
7/25/2014,69,15629.58333,FALSE
7/26/2014,69,14468,FALSE
7/27/2014,68,13852.25,FALSE
7/28/2014,71,15304.95833,FALSE
7/29/2014,66,15503.45833,FALSE
7/30/2014,66,16119.33333,FALSE
7/31/2014,68,16257.29167,FALSE
8/1/2014,65,15969.58333,FALSE
8/2/2014,69,13693.5,FALSE
8/3/2014,72,13133.875,FALSE
8/4/2014,69,14672.125,FALSE
8/5/2014,56,13930.45833,FALSE
8/6/2014,55,13554.54167,FALSE
8/7/2014,56,13556.70833,FALSE
8/8/2014,59,14015,FALSE
8/9/2014,60,13135.625,FALSE
8/10/2014,60,13014.25,FALSE
8/11/2014,66,14852.95833,FALSE
8/12/2014,66,15005.5,FALSE
8/13/2014,63,14645,FALSE
8/14/2014,60,14661.5,FALSE
8/15/2014,62,14997.83333,FALSE
8/16/2014,64,14090.33333,FALSE
8/17/2014,64,13779.75,FALSE
8/18/2014,65,15109,FALSE
8/19/2014,62,14145.79167,FALSE
8/20/2014,62,13581,FALSE
8/21/2014,60,14095.95833,FALSE
8/22/2014,65,14203.70833,FALSE
8/23/2014,56,12544.08333,FALSE
8/24/2014,56,12044.04167,FALSE
8/25/2014,62,13432.5,FALSE
8/26/2014,63,14147.16667,FALSE
8/27/2014,63,14977.04167,FALSE
8/28/2014,63,15505.875,FALSE
8/29/2014,62,15119.20833,FALSE
8/30/2014,61,13941.375,FALSE
8/31/2014,62,13382.70833,FALSE
9/1/2014,59,13376.79167,TRUE
9/2/2014,59,14569.04167,FALSE
9/3/2014,62,14481.33333,FALSE
9/4/2014,59,13970,FALSE
9/5/2014,59,14277.66667,FALSE
9/6/2014,67,14259.5,FALSE
9/7/2014,71,14284.5,FALSE
9/8/2014,73,14563.91667,FALSE
9/9/2014,71,14678.33333,FALSE
9/10/2014,59,14598.875,FALSE
9/11/2014,62,15255.58333,FALSE
9/12/2014,64,15698.5,FALSE
9/13/2014,64,15039.66667,FALSE
9/14/2014,68,15561.45833,FALSE
9/15/2014,71,17668.41667,FALSE
9/16/2014,73,17931.125,FALSE
9/17/2014,75,17533.75,FALSE
9/18/2014,65,14693.25,FALSE
9/19/2014,65,13772.70833,FALSE
9/20/2014,60,12137.33333,FALSE
9/21/2014,60,11507.79167,FALSE
9/22/2014,56,13314.83333,FALSE
9/23/2014,55,13870.70833,FALSE
9/24/2014,61,14379.25,FALSE
9/25/2014,66,14703.66667,FALSE
9/26/2014,64,13566.70833,FALSE
9/27/2014,54,10863.66667,FALSE
9/28/2014,57,10389.91667,FALSE
9/29/2014,55,12184.04167,FALSE
9/30/2014,53,12780,FALSE
10/1/2014,54,12896.79167,FALSE
10/2/2014,55,13522.33333,FALSE
10/3/2014,49,13656.29167,FALSE
10/4/2014,53,12922.75,FALSE
10/5/2014,53,12544.45833,FALSE
10/6/2014,53,13679,FALSE
10/7/2014,60,13777.75,FALSE
10/8/2014,57,13465.95833,FALSE
10/9/2014,56,13055.83333,FALSE
10/10/2014,54,12725.83333,FALSE
10/11/2014,53,11609.29167,FALSE
10/12/2014,54,11168.5,FALSE
10/13/2014,50,12806.125,TRUE
10/14/2014,52,12492.58333,FALSE
10/15/2014,58,12235.29167,FALSE
10/16/2014,51,12193.04167,FALSE
10/17/2014,52,11841.625,FALSE
10/18/2014,57,10838.41667,FALSE
10/19/2014,51,10463.25,FALSE
10/20/2014,54,12033,FALSE
10/21/2014,54,12053.33333,FALSE
10/22/2014,49,12224.66667,FALSE
10/23/2014,49,12322.5,FALSE
10/24/2014,49,12276.95833,FALSE
10/25/2014,58,11137.41667,FALSE
10/26/2014,50,10310.58333,FALSE
10/27/2014,49,11715.70833,FALSE
10/28/2014,46,11890.66667,FALSE
10/29/2014,47,12113.16667,FALSE
10/30/2014,49,11908.91667,FALSE
10/31/2014,51,11332,FALSE
11/1/2014,47,9929.291667,FALSE
11/2/2014,43,9496.125,FALSE
11/3/2014,39,10780.84,FALSE
11/4/2014,38,11160.54167,TRUE
11/5/2014,43,11610.08333,FALSE
11/6/2014,46,12038.75,FALSE
11/7/2014,44,11831.54167,FALSE
11/8/2014,44,11177.26667,FALSE
11/9/2014,45,9985.416667,FALSE
11/10/2014,43,10323.76923,FALSE
11/11/2014,56,12197.8,TRUE
11/12/2014,55,11357,FALSE
11/13/2014,49,11366.29167,FALSE
11/14/2014,55,11407.125,FALSE
11/15/2014,48,10220,FALSE
11/16/2014,50,9666.75,FALSE
11/17/2014,44,11242.16667,FALSE
11/18/2014,44,11314.33333,FALSE
11/19/2014,39,11380.54167,FALSE
11/20/2014,38,11423.70833,FALSE
11/21/2014,51,11240.5,FALSE
11/22/2014,40,10194.54167,FALSE
11/23/2014,45,9752.208333,FALSE
11/24/2014,41,11271.70833,FALSE
11/25/2014,39,11316.79167,FALSE
11/26/2014,38,11189.20833,FALSE
11/27/2014,40,9765.125,TRUE
11/28/2014,38,9969.708333,FALSE
11/29/2014,37,9723.833333,FALSE
11/30/2014,51,9693.5,FALSE
12/1/2014,45,11124.70833,FALSE
12/2/2014,52,11528.04167,FALSE
12/3/2014,56,11453.58333,FALSE
12/4/2014,52,11281,FALSE
12/5/2014,49,11173.08333,FALSE
12/6/2014,50,10215.66667,FALSE
12/7/2014,47,9896.583333,FALSE
12/8/2014,48,11259.70833,FALSE
12/9/2014,41,11410.29167,FALSE
12/10/2014,42,11501.66667,FALSE
12/11/2014,50,11596.91667,FALSE
12/12/2014,51,11574.625,FALSE
12/13/2014,46,10652.79167,FALSE
12/14/2014,37,10254.79167,FALSE
12/15/2014,39,11590.20833,FALSE
12/16/2014,42,11727.41667,FALSE
12/17/2014,46,11628,FALSE
12/18/2014,38,11601,FALSE
12/19/2014,38,11457.95833,FALSE
12/20/2014,40,10653.66667,FALSE
12/21/2014,40,10153.125,FALSE
12/22/2014,40,11282.41667,FALSE
12/23/2014,42,11191.95833,FALSE
12/24/2014,43,10416.625,FALSE
12/25/2014,54,9395.833333,TRUE
12/26/2014,40,10407.29167,FALSE
12/27/2014,34,10299.41667,FALSE
12/28/2014,28,10257.79167,FALSE
12/29/2014,29,11233.45833,FALSE
12/30/2014,31,11787.75,FALSE
12/31/2014,28,11277.125,FALSE
1/1/2015,23,10414.16667,TRUE
1/2/2015,25,11004.375,FALSE
1/3/2015,28,10387.83333,FALSE
1/4/2015,29,10028.45833,FALSE
1/5/2015,38,10369.41667,FALSE
1/6/2015,36,10782.82353,FALSE
1/7/2015,38,11127.16667,FALSE
1/8/2015,41,11032.58333,FALSE
1/9/2015,49,10931.75,FALSE
1/10/2015,37,10195,FALSE
1/11/2015,45,9836.208333,FALSE
1/12/2015,43,11022.45833,FALSE
1/13/2015,44,11063.56522,FALSE
1/14/2015,33,11139.95833,FALSE
1/15/2015,33,11187.25,FALSE
1/16/2015,34,11048.70833,FALSE
1/17/2015,36,9971.666667,FALSE
1/18/2015,37,9522.5,FALSE
1/19/2015,37,10801.04167,TRUE
1/20/2015,37,11268.54167,TRUE
1/21/2015,42,11082.83333,FALSE
1/22/2015,31,11157.33333,FALSE
1/23/2015,31,11065.95833,FALSE
1/24/2015,40,10021.125,FALSE
1/25/2015,44,9573.5,FALSE
1/26/2015,45,11035.75,FALSE
1/27/2015,49,10990.25,FALSE
1/28/2015,40,11131.95833,FALSE
1/29/2015,52,11139.25,FALSE
1/30/2015,52,10970.29167,FALSE
1/31/2015,40,9839.125,FALSE
2/1/2015,35,9381.333333,FALSE
2/2/2015,34,10837.75,FALSE
2/3/2015,36,11065.41667,FALSE
2/4/2015,35,11083.875,FALSE
2/5/2015,35,11142,FALSE
2/6/2015,35,10980,FALSE
2/7/2015,35,9870.833333,FALSE
2/8/2015,50,9526.166667,FALSE
2/9/2015,44,10999.04167,FALSE
2/10/2015,36,11148.25,FALSE
2/11/2015,44,11249.95833,FALSE
2/12/2015,39,11338.33333,TRUE
2/13/2015,38,11211.54167,FALSE
2/14/2015,39,10017.91667,FALSE
2/15/2015,37,9469,FALSE
2/16/2015,42,10554.95833,FALSE
2/17/2015,42,10970.95833,FALSE
2/18/2015,37,10897.08333,FALSE
2/19/2015,37,10800.66667,FALSE
2/20/2015,42,10611.875,FALSE
2/21/2015,40,9603.625,FALSE
2/22/2015,45,9297.708333,TRUE
2/23/2015,47,10555.125,FALSE
2/24/2015,35,10691.875,FALSE
2/25/2015,32,10625.04167,FALSE
2/26/2015,35,10635.08333,FALSE
2/27/2015,39,10544.625,FALSE
2/28/2015,45,9459.416667,FALSE
3/1/2015,41,9404.666667,FALSE
3/2/2015,39,10671.58333,TRUE
3/3/2015,32,10695.875,FALSE
3/4/2015,33,10678.29167,FALSE
3/5/2015,33,10745.25,FALSE
3/6/2015,35,10817.08333,FALSE
3/7/2015,34,9909.958333,FALSE
3/8/2015,33,9426,FALSE
3/9/2015,35,10838.91667,FALSE
3/10/2015,36,11075.04167,FALSE
3/11/2015,49,11250.625,FALSE
3/12/2015,43,11467.45833,FALSE
3/13/2015,47,11829.91667,FALSE
3/14/2015,44,11023.68421,FALSE
3/15/2015,47,10723.95833,FALSE
3/16/2015,50,12262.95833,FALSE
3/17/2015,45,11881.86364,FALSE
3/18/2015,52,11648.83333,FALSE
3/19/2015,49,11654.08333,FALSE
3/20/2015,40,11666.83333,FALSE
3/21/2015,42,10351.08333,FALSE
3/22/2015,47,9891.5,FALSE
3/23/2015,44,11121.875,FALSE
3/24/2015,42,11328.20833,FALSE
3/25/2015,44,11728.45833,FALSE
3/26/2015,44,12239.25,FALSE
3/27/2015,46,12417.25,FALSE
3/28/2015,44,11143.45833,FALSE
3/29/2015,44,10530.70833,FALSE
3/30/2015,44,11769.375,FALSE
3/31/2015,42,11519.45833,FALSE
4/1/2015,47,11486.125,FALSE
4/2/2015,48,11291.875,FALSE
4/3/2015,38,11193.79167,TRUE
4/4/2015,38,10319.125,FALSE
4/5/2015,40,9420.375,FALSE
4/6/2015,44,10663.91667,FALSE
4/7/2015,36,10864.375,FALSE
4/8/2015,39,10699.875,FALSE
4/9/2015,39,10964.20833,FALSE
4/10/2015,41,10899.29167,FALSE
4/11/2015,40,10055.20833,FALSE
4/12/2015,41,9742.708333,FALSE
4/13/2015,45,11302.75,FALSE
4/14/2015,49,11270.83333,FALSE
4/15/2015,43,11201.16667,FALSE
4/16/2015,50,11384.79167,FALSE
4/17/2015,41,11303.45833,FALSE
4/18/2015,41,10297.54167,FALSE
4/19/2015,43,9803.5,FALSE
4/20/2015,46,11005,FALSE
4/21/2015,50,11040.54167,FALSE
4/22/2015,53,10637.94118,FALSE
4/23/2015,53,10750.72727,FALSE
4/24/2015,53,10573.90909,FALSE
4/25/2015,54,9915.454545,FALSE
4/26/2015,46,9731.181818,FALSE
4/27/2015,48,11217.95833,FALSE
4/28/2015,44,12132.66667,FALSE
4/29/2015,49,12801.625,FALSE
4/30/2015,52,12951.58333,FALSE
5/1/2015,52,12732.16667,FALSE
5/2/2015,53,11206.16667,FALSE
5/3/2015,54,10127.75,FALSE
5/4/2015,53,11264.5,FALSE
5/5/2015,52,11171,FALSE
5/6/2015,52,11050.58333,FALSE
5/7/2015,48,10967.79167,FALSE
5/8/2015,46,10866.16667,FALSE
5/9/2015,49,9819.625,FALSE
5/10/2015,45,9620.083333,FALSE
5/11/2015,49,11522.5,FALSE
5/12/2015,48,11358.95833,FALSE
5/13/2015,48,11136.91667,FALSE
5/14/2015,48,11046.70833,FALSE
5/15/2015,47,10819.29167,FALSE
5/16/2015,48,9750.916667,FALSE
5/17/2015,48,9444.583333,FALSE
5/18/2015,53,10829.75,FALSE
5/19/2015,54,10977.20833,FALSE
5/20/2015,50,11072.08333,FALSE
5/21/2015,54,10930.08333,FALSE
5/22/2015,53,10712.45833,FALSE
5/23/2015,55,9716.166667,FALSE
5/24/2015,51,9317.25,FALSE
5/25/2015,49,9547.75,TRUE
5/26/2015,55,10978.30435,FALSE
5/27/2015,54,11228.6087,FALSE
5/28/2015,51,11577.20833,FALSE
5/29/2015,51,12025.04167,FALSE
5/30/2015,55,11285.75,FALSE
5/31/2015,55,10594.625,FALSE
6/1/2015,54,11674.25,FALSE
6/2/2015,50,11752.83333,FALSE
6/3/2015,55,11517.625,FALSE
6/4/2015,56,11388.625,FALSE
6/5/2015,56,11166,FALSE
6/6/2015,55,10433.125,FALSE
6/7/2015,53,10927.875,FALSE
6/8/2015,57,13582.70833,FALSE
6/9/2015,75,13186.95833,FALSE
6/10/2015,62,12595.625,FALSE
6/11/2015,63,12272.625,FALSE
6/12/2015,59,12268.54167,FALSE
6/13/2015,61,11155.79167,FALSE
6/14/2015,59,11075.16667,FALSE
6/15/2015,55,13120.41667,FALSE
6/16/2015,56,13409,FALSE
6/17/2015,56,13529.20833,FALSE
6/18/2015,57,13788.79167,FALSE
6/19/2015,57,13834.66667,FALSE
6/20/2015,59,13130.58333,FALSE
6/21/2015,58,12363,FALSE
6/22/2015,58,13815.04167,FALSE
6/23/2015,58,13892.83333,FALSE
6/24/2015,59,14082.16667,FALSE
6/25/2015,65,14277.125,FALSE
6/26/2015,62,14151.41667,FALSE
6/27/2015,62,12432.45833,FALSE
6/28/2015,71,13215.625,FALSE
6/29/2015,70,15004,FALSE
6/30/2015,68,15081.70833,FALSE
7/1/2015,69,14357.33333,FALSE
7/2/2015,69,14540.58333,FALSE
7/3/2015,62,13114.79167,FALSE
7/4/2015,60,12030.83333,TRUE
7/5/2015,59,11602.20833,FALSE
7/6/2015,61,12945.16667,FALSE
7/7/2015,59,12920.70833,FALSE
7/8/2015,60,12571.45833,FALSE
7/9/2015,60,12206.54167,FALSE
7/10/2015,60,12177.70833,FALSE
7/11/2015,54,11739.83333,FALSE
7/12/2015,58,11892,FALSE
7/13/2015,57,13632.5,FALSE
7/14/2015,56,13606.875,FALSE
7/15/2015,56,13429.91667,FALSE
7/16/2015,58,13626.29167,FALSE
7/17/2015,60,14018.45833,FALSE
7/18/2015,65,11939.45833,FALSE
7/19/2015,67,12613.20833,FALSE
7/20/2015,69,14070.04167,FALSE
7/21/2015,68,14211.75,FALSE
7/22/2015,68,13959.83333,FALSE
7/23/2015,64,13779.16667,FALSE
7/24/2015,64,14247.41667,FALSE
7/25/2015,63,13471.29167,FALSE
7/26/2015,62,12481.58333,FALSE
7/27/2015,61,13473.54167,FALSE
7/28/2015,61,14221.25,FALSE
7/29/2015,65,14749.66667,FALSE
7/30/2015,70,15303.04167,FALSE
7/31/2015,69,15283.33333,FALSE
8/1/2015,64,13739.95833,FALSE
8/2/2015,63,13161.54167,FALSE
8/3/2015,63,14536.45833,FALSE
8/4/2015,63,14888.70833,FALSE
8/5/2015,65,15235.33333,FALSE
8/6/2015,67,14549.91667,FALSE
8/7/2015,61,13623.70833,FALSE
8/8/2015,61,12230.79167,FALSE
8/9/2015,57,11462.41667,FALSE
8/10/2015,56,12882.08333,FALSE
8/11/2015,56,12795.22222,FALSE
8/12/2015,60,14368.65217,FALSE
8/13/2015,67,15690.04348,FALSE
8/14/2015,69,16092.58333,FALSE
8/15/2015,68,15571.29167,FALSE
8/16/2015,67,15374.83333,FALSE
8/17/2015,67,15644.04167,FALSE
8/18/2015,62,14692.25,FALSE
8/19/2015,60,14242.16667,FALSE
8/20/2015,62,13977.83333,FALSE
8/21/2015,63,13584.16667,FALSE
8/22/2015,60,12976.91667,FALSE
8/23/2015,60,13209.33333,FALSE
8/24/2015,61,15261.26087,FALSE
8/25/2015,72,14918.25,FALSE
8/26/2015,68,16048.33333,FALSE
8/27/2015,67,16559.25,FALSE
8/28/2015,69,16968.58333,FALSE
8/29/2015,67,15501.04167,FALSE
8/30/2015,66,14150.5,FALSE
8/31/2015,62,14480.20833,FALSE
9/1/2015,60,14178.375,FALSE
9/2/2015,62,13734.83333,FALSE
9/3/2015,57,12965.41667,FALSE
9/4/2015,58,12555.08333,FALSE
9/5/2015,54,11611.08333,FALSE
9/6/2015,57,12173.45833,FALSE
9/7/2015,65,14052.75,TRUE
9/8/2015,69,16982.66667,FALSE
9/9/2015,74,17602.16667,FALSE
9/10/2015,73,17498.66667,FALSE
9/11/2015,69,17069.70833,FALSE
9/12/2015,68,14732.375,FALSE
9/13/2015,66,14274.54167,FALSE
9/14/2015,64,14545.125,FALSE
9/15/2015,68,13986.75,FALSE
9/16/2015,63,12791.17391,FALSE
9/17/2015,57,12760.29167,FALSE
9/18/2015,56,13652.79167,FALSE
9/19/2015,60,13741.58333,FALSE
9/20/2015,63,14756.66667,FALSE
9/21/2015,69,14819.20833,FALSE
9/22/2015,68,14251.83333,FALSE
9/23/2015,62,14631.75,FALSE
9/24/2015,63,15354.25,FALSE
9/25/2015,65,15695.20833,FALSE
9/26/2015,65,14719.70833,FALSE
9/27/2015,62,13557.29167,FALSE
9/28/2015,61,14494.41667,FALSE
9/29/2015,56,13798.54167,FALSE
9/30/2015,56,14067.83333,FALSE
10/1/2015,60,13733,FALSE
10/2/2015,60,13024.75,FALSE
10/3/2015,56,11654.75,FALSE
10/4/2015,60,10160.04167,FALSE
10/5/2015,57,11415.79167,FALSE
10/6/2015,54,11755.16667,FALSE
10/7/2015,55,12529.375,FALSE
10/8/2015,58,13637.66667,FALSE
10/9/2015,58,15130.875,FALSE
10/10/2015,62,14300.29167,FALSE
10/11/2015,61,13856.5,FALSE
10/12/2015,63,15090.83333,TRUE
10/13/2015,69,15898.5,FALSE
10/14/2015,66,15050.41667,FALSE
10/15/2015,68,13883.08333,FALSE
10/16/2015,64,12970.04167,FALSE
10/17/2015,64,11998.33333,FALSE
10/18/2015,62,10959.45833,FALSE
10/19/2015,56,11385.85,FALSE
10/20/2015,52,11785.75,FALSE
10/21/2015,53,12011.04167,FALSE
10/22/2015,51,12123.54167,FALSE
10/23/2015,56,12137.875,FALSE
10/24/2015,50,11228.33333,FALSE
10/25/2015,53,10492.20833,FALSE
10/26/2015,47,12165.5,FALSE
10/27/2015,46,12042.54167,FALSE
10/28/2015,55,12031.125,FALSE
10/29/2015,53,11911.54167,FALSE
10/30/2015,55,11741.5,FALSE
10/31/2015,46,10881.04167,FALSE
11/1/2015,46,10250.375,FALSE
11/2/2015,44,11107.96,FALSE
11/3/2015,46,10875.375,TRUE
11/4/2015,38,10882.16667,FALSE
11/5/2015,35,11052.25,FALSE
11/6/2015,38,11130.08333,FALSE
11/7/2015,42,10104.375,FALSE
11/8/2015,36,9711.125,FALSE
11/9/2015,40,10851.33333,FALSE
11/10/2015,41,10885.16667,FALSE
11/11/2015,31,10945.375,TRUE
11/12/2015,34,11161.16667,FALSE
11/13/2015,36,11085.54167,FALSE
11/14/2015,35,10057.83333,FALSE
11/15/2015,42,9618.666667,FALSE
11/16/2015,42,10936.22222,FALSE
11/17/2015,37,11310.75,FALSE
11/18/2015,35,11302.04167,FALSE
11/19/2015,37,11377.95833,FALSE
11/20/2015,39,11344.95833,FALSE
11/21/2015,54,10471.04167,FALSE
11/22/2015,50,9941.416667,FALSE
11/23/2015,39,11084.25,FALSE
11/24/2015,37,11144.875,FALSE
11/25/2015,46,11029.83333,FALSE
11/26/2015,37,9649.916667,TRUE
11/27/2015,39,9952.347826,FALSE
11/28/2015,28,9936.75,FALSE
11/29/2015,35,9825.916667,FALSE
11/30/2015,29,11415.79167,FALSE
12/1/2015,29,11560.25,FALSE
12/2/2015,33,11578.625,FALSE
12/3/2015,36,11465.125,FALSE
12/4/2015,34,11498.41667,FALSE
12/5/2015,30,10580.45833,FALSE
12/6/2015,39,10161.54167,FALSE
12/7/2015,35,11519.08333,FALSE
12/8/2015,41,11623.25,FALSE
12/9/2015,42,11566.20833,FALSE
12/10/2015,37,11574.79167,FALSE
12/11/2015,44,11446.95833,FALSE
12/12/2015,34,10653.625,FALSE
12/13/2015,29,10374.5,FALSE
12/14/2015,38,11793.625,FALSE
12/15/2015,29,12181.25,FALSE
12/16/2015,26,12239.41667,FALSE
12/17/2015,26,11993.45833,FALSE
12/18/2015,31,11611.29167,FALSE
12/19/2015,30,10686.16667,FALSE
12/20/2015,33,10270,FALSE
12/21/2015,33,11486.04167,FALSE
12/22/2015,49,11648.29167,FALSE
12/23/2015,47,11125.16667,FALSE
12/24/2015,38,10450.29167,FALSE
12/25/2015,36,9783.375,TRUE
12/26/2015,39,10341,FALSE
12/27/2015,26,10428.16667,FALSE
12/28/2015,23,11606.5,FALSE
12/29/2015,28,11567.41667,FALSE
12/30/2015,25,11639.58333,FALSE
12/31/2015,28,10985.33333,FALSE
1/1/2016,32,10222.33333,TRUE
1/2/2016,29,10275.08333,FALSE
1/3/2016,35,10115.75,FALSE
1/4/2016,45,11053.83333,FALSE
1/5/2016,51,11543.3913,FALSE
1/6/2016,41,11764.625,FALSE
1/7/2016,42,11372.45833,FALSE
1/8/2016,35,11150.875,FALSE
1/9/2016,35,9999.416667,FALSE
1/10/2016,46,9417.416667,FALSE
1/11/2016,37,11001.08333,FALSE
1/12/2016,33,11139.66667,FALSE
1/13/2016,31,11139.5,FALSE
1/14/2016,35,11011.5,FALSE
1/15/2016,46,11027.47826,FALSE
1/16/2016,46,9858.869565,FALSE
1/17/2016,39,9442.291667,FALSE
1/18/2016,45,10612.375,TRUE
1/19/2016,48,10738.73684,FALSE
1/20/2016,54,10828.41667,TRUE
1/21/2016,43,10830.04167,FALSE
1/22/2016,38,10807.29167,FALSE
1/23/2016,41,9859.916667,FALSE
1/24/2016,42,9375.25,FALSE
1/25/2016,37,10920,FALSE
1/26/2016,36,10991.65217,FALSE
1/27/2016,37,11160.29167,FALSE
1/28/2016,36,10838.08333,FALSE
1/29/2016,39,10513.875,FALSE
1/30/2016,38,9765.625,FALSE
1/31/2016,43,9769.041667,FALSE
2/1/2016,34,11010.95833,FALSE
2/2/2016,26,11272,FALSE
2/3/2016,29,11045.75,FALSE
2/4/2016,40,10862.45833,FALSE
2/5/2016,37,10643.08333,FALSE
2/6/2016,42,9528.791667,FALSE
2/7/2016,38,9142.083333,FALSE
2/8/2016,50,10654.91667,FALSE
2/9/2016,48,10965.20833,FALSE
2/10/2016,40,10864.5,FALSE
2/11/2016,37,10791.04167,FALSE
2/12/2016,37,10580.45833,TRUE
2/13/2016,37,9296.375,FALSE
2/14/2016,37,8958.333333,FALSE
2/15/2016,50,10477.20833,FALSE
2/16/2016,41,11143.875,FALSE
2/17/2016,41,10674,FALSE
2/18/2016,51,10403.20833,FALSE
2/19/2016,39,10223.79167,FALSE
2/20/2016,37,9288.791667,FALSE
2/21/2016,37,8909.666667,FALSE
2/22/2016,36,10379.79167,TRUE
2/23/2016,39,10614.875,FALSE
2/24/2016,53,10620.33333,FALSE
2/25/2016,38,10655.08333,FALSE
2/26/2016,37,10513.83333,FALSE
2/27/2016,40,9768.916667,FALSE
2/28/2016,43,9585.625,FALSE
2/29/2016,44,11209.3913,FALSE
3/1/2016,44,11163.125,FALSE
3/2/2016,42,11068.04167,FALSE
3/3/2016,45,11034.66667,FALSE
3/4/2016,40,11058.45833,FALSE
3/5/2016,53,10308.75,FALSE
3/6/2016,53,9734.458333,FALSE
3/7/2016,39,11098.25,TRUE
3/8/2016,35,11020.83333,FALSE
3/9/2016,38,11011.125,FALSE
3/10/2016,42,11156.95833,FALSE
3/11/2016,45,11101.375,FALSE
3/12/2016,38,9976.041667,FALSE
3/13/2016,40,9683.304348,FALSE
3/14/2016,49,10884.54167,FALSE
3/15/2016,47,11078.41667,FALSE
3/16/2016,44,11355.75,FALSE
3/17/2016,45,11431.29167,FALSE
3/18/2016,44,11245.16667,FALSE
3/19/2016,48,10063.75,FALSE
3/20/2016,44,9578.833333,FALSE
3/21/2016,43,10911.20833,FALSE
3/22/2016,49,10886.125,FALSE
3/23/2016,36,11240.25,FALSE
3/24/2016,38,11053.125,FALSE
3/25/2016,42,10871.33333,TRUE
3/26/2016,42,10102,FALSE
3/27/2016,45,9469.083333,FALSE
3/28/2016,54,10711.16667,FALSE
3/29/2016,39,10710.83333,FALSE
3/30/2016,36,10629.91667,FALSE
3/31/2016,36,10495.33333,FALSE
4/1/2016,39,10812,FALSE
4/2/2016,44,10232.375,FALSE
4/3/2016,45,9857.041667,FALSE
4/4/2016,45,11168.75,FALSE
4/5/2016,45,11611.33333,FALSE
4/6/2016,50,11765.91667,FALSE
4/7/2016,58,11529.75,FALSE
4/8/2016,55,11234.20833,FALSE
4/9/2016,53,10148.54167,FALSE
4/10/2016,54,9621.333333,FALSE
4/11/2016,49,10954.79167,FALSE
4/12/2016,48,11008.20833,FALSE
4/13/2016,50,11007.58333,FALSE
4/14/2016,49,11108.375,FALSE
4/15/2016,48,10917.91667,FALSE
4/16/2016,50,10370.70833,FALSE
4/17/2016,43,10193.875,FALSE
4/18/2016,45,12061.66667,FALSE
4/19/2016,48,12473.75,FALSE
4/20/2016,45,12403.625,FALSE
4/21/2016,46,12011.47826,FALSE
4/22/2016,46,11583.625,FALSE
4/23/2016,52,10477.08333,FALSE
4/24/2016,46,9842.666667,FALSE
4/25/2016,45,10773.83333,FALSE
4/26/2016,43,10928.95833,FALSE
4/27/2016,46,11145.79167,FALSE
4/28/2016,50,11211.54167,FALSE
4/29/2016,44,11177.66667,FALSE
4/30/2016,51,10253.45833,FALSE
5/1/2016,46,9794.833333,FALSE
5/2/2016,48,11556.70833,FALSE
5/3/2016,49,12022.375,FALSE
5/4/2016,53,11505.95238,FALSE
5/5/2016,54,11300.70833,FALSE
5/6/2016,49,11021.54167,FALSE
5/7/2016,51,9841.708333,FALSE
5/8/2016,50,9458.375,FALSE
5/9/2016,52,11098.16667,FALSE
5/10/2016,51,11315.33333,FALSE
5/11/2016,54,11831.83333,FALSE
5/12/2016,53,12342,FALSE
5/13/2016,53,12277.29167,FALSE
5/14/2016,57,10752.875,FALSE
5/15/2016,57,10074.20833,FALSE
5/16/2016,54,11435.29167,FALSE
5/17/2016,57,11832.75,FALSE
5/18/2016,54,11802.66667,FALSE
5/19/2016,57,12004.83333,FALSE
5/20/2016,53,11260.83333,FALSE
5/21/2016,51,10173.83333,FALSE
5/22/2016,47,9777.583333,FALSE
5/23/2016,49,11047.66667,FALSE
5/24/2016,54,11312.41667,FALSE
5/25/2016,51,11161.58333,FALSE
5/26/2016,49,11297.91667,FALSE
5/27/2016,53,11226.79167,FALSE
5/28/2016,52,10525.66667,FALSE
5/29/2016,55,9974.166667,FALSE
5/30/2016,55,10165.33333,TRUE
5/31/2016,54,11821.70833,FALSE
6/1/2016,58,12138.68182,FALSE
6/2/2016,55,13418.20833,FALSE
6/3/2016,56,13887,FALSE
6/4/2016,58,13002.83333,FALSE
6/5/2016,56,11665.20833,FALSE
6/6/2016,55,12297.45833,FALSE
6/7/2016,55,12426.47826,FALSE
6/8/2016,57,12869.95833,FALSE
6/9/2016,58,12460.58333,FALSE
6/10/2016,58,12419.91667,FALSE
6/11/2016,57,11138.79167,FALSE
6/12/2016,58,10447.125,FALSE
6/13/2016,56,11863.66667,FALSE
6/14/2016,52,12014.04167,FALSE
6/15/2016,57,11992.45833,FALSE
6/16/2016,52,12129.91667,FALSE
6/17/2016,54,13060.41667,FALSE
6/18/2016,56,13144.54167,FALSE
6/19/2016,61,14489.29167,FALSE
6/20/2016,68,17682.95833,FALSE
6/21/2016,68,16038.625,FALSE
6/22/2016,63,15202.16667,FALSE
6/23/2016,60,14641.21739,FALSE
6/24/2016,61,14178.25,FALSE
6/25/2016,58,13285.66667,FALSE
6/26/2016,62,13756.25,FALSE
6/27/2016,68,15932,FALSE
6/28/2016,70,16065.25,FALSE
6/29/2016,67,15976.58333,FALSE
6/30/2016,66,15464.45833,FALSE
7/1/2016,64,14754.58333,FALSE
7/2/2016,59,12889.08333,FALSE
7/3/2016,57,11901.54167,FALSE
7/4/2016,56,11645.04167,TRUE
7/5/2016,58,13002.25,FALSE
7/6/2016,60,13182.29167,FALSE
7/7/2016,58,13622.45833,FALSE
7/8/2016,59,13337.73684,FALSE
7/9/2016,59,13362.04348,FALSE
7/10/2016,61,12771.54167,FALSE
7/11/2016,59,13899.29167,FALSE
7/12/2016,60,13946.75,FALSE
7/13/2016,60,14650.625,FALSE
7/14/2016,61,14969.16667,FALSE
7/15/2016,62,14678.29167,FALSE
7/16/2016,59,13294.41667,FALSE
7/17/2016,59,12762.16667,FALSE
7/18/2016,60,14380.25,FALSE
7/19/2016,63,15012.16667,FALSE
7/20/2016,63,15695.375,FALSE
7/21/2016,66,16338.83333,FALSE
7/22/2016,65,16893.625,FALSE
7/23/2016,67,15666.95652,FALSE
7/24/2016,66,15105.25,FALSE
7/25/2016,68,16306.45455,FALSE
7/26/2016,69,16291.55556,FALSE
7/27/2016,71,17230.78261,FALSE
7/28/2016,68,16989.5,FALSE
7/29/2016,71,17134.54167,FALSE
7/30/2016,71,15676.57143,FALSE
7/31/2016,71,14839.68182,FALSE
8/1/2016,66,15910.95833,FALSE
8/2/2016,66,15777.95833,FALSE
8/3/2016,65,15442.41667,FALSE
8/4/2016,65,15417.25,FALSE
8/5/2016,64,14919.08333,FALSE
8/6/2016,63,13597.25,FALSE
8/7/2016,60,13235.5,FALSE
8/8/2016,60,14382.04167,FALSE
8/9/2016,62,14313.5,FALSE
8/10/2016,55,14288.95833,FALSE
8/11/2016,57,14367.125,FALSE
8/12/2016,63,14888.08333,FALSE
8/13/2016,65,14631.33333,FALSE
8/14/2016,66,15058.875,FALSE
8/15/2016,68,16819.25,FALSE
8/16/2016,59,15918.04167,FALSE
8/17/2016,59,15545.45833,FALSE
8/18/2016,61,15155.5,FALSE
8/19/2016,61,14829.66667,FALSE
8/20/2016,61,13311.66667,FALSE
8/21/2016,61,12987.08333,FALSE
8/22/2016,62,14483.125,FALSE
8/23/2016,61,14492.20833,FALSE
8/24/2016,62,14640.58333,FALSE
8/25/2016,61,13972.08696,FALSE
8/26/2016,58,13153,FALSE
8/27/2016,57,11912.79167,FALSE
8/28/2016,59,12427.625,FALSE
8/29/2016,61,15104.70833,FALSE
8/30/2016,64,15874.375,FALSE
8/31/2016,64,15856.33333,FALSE
9/1/2016,63,14889.5,FALSE
9/2/2016,61,13887.04167,FALSE
9/3/2016,57,11662.79167,FALSE
9/4/2016,59,10631.79167,FALSE
9/5/2016,59,10756.91667,TRUE
9/6/2016,54,12742.04167,FALSE
9/7/2016,58,13346.08333,FALSE
9/8/2016,60,13084.61905,FALSE
9/9/2016,58,13552.20833,FALSE
9/10/2016,58,12703.75,FALSE
9/11/2016,58,11961.625,FALSE
9/12/2016,55,12214.09524,FALSE
9/13/2016,60,11722.66667,FALSE
9/14/2016,49,11877.75,FALSE
9/15/2016,49,12240.375,FALSE
9/16/2016,50,12452.70833,FALSE
9/17/2016,52,12125.25,FALSE
9/18/2016,53,12804.20833,FALSE
9/19/2016,63,13925.58333,FALSE
9/20/2016,65,14012.16667,FALSE
9/21/2016,65,14250.375,FALSE
9/22/2016,65,12452.83333,FALSE
9/23/2016,49,11849.125,FALSE
9/24/2016,50,11767.375,FALSE
9/25/2016,54,12467.83333,FALSE
9/26/2016,63,15283.79167,FALSE
9/27/2016,62,15106.33333,FALSE
9/28/2016,62,15935.72222,FALSE
9/29/2016,61,14986.75,FALSE
9/30/2016,60,14451.04348,FALSE
10/1/2016,58,12513.82609,FALSE
10/2/2016,52,10967.21739,FALSE
10/3/2016,52,11638.66667,FALSE
10/4/2016,51,11745.20833,FALSE
10/5/2016,55,11560.68182,FALSE
10/6/2016,46,12002.45833,FALSE
10/7/2016,50,12598.91667,FALSE
10/8/2016,49,11954.75,FALSE
10/9/2016,51,11635.66667,FALSE
10/10/2016,53,12821.75,TRUE
10/11/2016,51,11929.79167,FALSE
10/12/2016,51,11490.66667,FALSE
10/13/2016,48,11625.45833,FALSE
10/14/2016,50,11600.20833,FALSE
10/15/2016,50,10819.875,FALSE
10/16/2016,59,10652.16667,FALSE
10/17/2016,59,11804.75,FALSE
10/18/2016,48,11748,FALSE
10/19/2016,48,12266,FALSE
10/20/2016,63,13189.125,FALSE
10/21/2016,56,13012.29167,FALSE
10/22/2016,46,10781.20833,FALSE
10/23/2016,52,9892.291667,FALSE
10/24/2016,59,11210.04167,FALSE
10/25/2016,49,11074.83333,FALSE
10/26/2016,51,11319.91667,FALSE
10/27/2016,53,11409.95652,FALSE
10/28/2016,60,11368.91667,FALSE
10/29/2016,55,10828.45833,FALSE
10/30/2016,58,10151.5,FALSE
10/31/2016,54,10911.58333,FALSE
11/1/2016,48,11071.5,FALSE
11/2/2016,41,11384.83333,FALSE
11/3/2016,52,11688.29167,FALSE
11/4/2016,48,11541.375,FALSE
11/5/2016,47,10306.79167,FALSE
11/6/2016,44,9644.666667,FALSE
11/7/2016,45,11181.36,FALSE
11/8/2016,48,12160.25,TRUE
11/9/2016,51,12626.54167,FALSE
11/10/2016,47,12350.75,FALSE
11/11/2016,45,11687.66667,TRUE
11/12/2016,49,10500.25,FALSE
11/13/2016,47,10135.875,FALSE
11/14/2016,53,11575.04167,FALSE
11/15/2016,45,11277.375,FALSE
11/16/2016,48,10948.70833,FALSE
11/17/2016,42,10906,FALSE
11/18/2016,45,10744.08333,FALSE
11/19/2016,36,9949.916667,FALSE
11/20/2016,53,9735.5,FALSE
11/21/2016,51,10867.41667,FALSE
11/22/2016,45,11021.91667,FALSE
11/23/2016,48,10811.04167,FALSE
11/24/2016,40,9404.083333,TRUE
11/25/2016,31,9609.333333,FALSE
11/26/2016,31,9771.083333,FALSE
11/27/2016,44,9775.833333,FALSE
11/28/2016,37,11011,FALSE
11/29/2016,37,11045.08333,FALSE
11/30/2016,34,11177.41667,FALSE
12/1/2016,38,11190.66667,FALSE
12/2/2016,40,11146.875,FALSE
12/3/2016,38,10173.875,FALSE
12/4/2016,42,9692.125,FALSE
12/5/2016,35,11138,FALSE
12/6/2016,46,11342.54167,FALSE
12/7/2016,42,11455.625,FALSE
12/8/2016,36,11444.5,FALSE
12/9/2016,39,11275.875,FALSE
12/10/2016,39,10312.58333,FALSE
12/11/2016,54,9734.5,FALSE
12/12/2016,50,10976.125,FALSE
12/13/2016,47,11078.95833,FALSE
12/14/2016,40,11192.625,FALSE
12/15/2016,46,11256.54167,FALSE
12/16/2016,43,11090.83333,FALSE
12/17/2016,32,10374.25,FALSE
12/18/2016,33,10202.41667,FALSE
12/19/2016,38,11375.875,FALSE
12/20/2016,39,11567.54167,FALSE
12/21/2016,52,11779.47826,FALSE
12/22/2016,49,11711.25,FALSE
12/23/2016,52,11200.95833,FALSE
12/24/2016,44,10102.29167,FALSE
12/25/2016,31,9895,TRUE
12/26/2016,35,10394.41667,FALSE
12/27/2016,40,11039.66667,FALSE
12/28/2016,39,10971.29167,FALSE
12/29/2016,41,10919.16667,FALSE
12/30/2016,49,10782.625,FALSE
12/31/2016,50,10231.625,FALSE
1/1/2017,39,9676.916667,TRUE
1/2/2017,44,10331.5,FALSE
1/3/2017,39,11464.875,FALSE
1/4/2017,35,11388.91667,FALSE
1/5/2017,50,11328.41667,FALSE
1/6/2017,44,11119.08333,FALSE
1/7/2017,42,10504.33333,FALSE
1/8/2017,42,9738.333333,FALSE
1/9/2017,51,11211.75,FALSE
1/10/2017,45,11478.29167,FALSE
1/11/2017,46,11331.79167,FALSE
1/12/2017,46,11858.41667,FALSE
1/13/2017,46,11627.875,FALSE
1/14/2017,38,10427.79167,FALSE
1/15/2017,36,9940.75,FALSE
1/16/2017,46,11065.625,TRUE
1/17/2017,33,11433.79167,FALSE
1/18/2017,33,11541.86957,FALSE
1/19/2017,47,11401.20833,FALSE
1/20/2017,46,11850.54167,TRUE
1/21/2017,41,10346.625,FALSE
1/22/2017,45,10660.91667,FALSE
1/23/2017,45,11619.54167,FALSE
1/24/2017,33,11847.375,FALSE
1/25/2017,31,11774.83333,FALSE
1/26/2017,29,11931.25,FALSE
1/27/2017,36,11601.625,FALSE
1/28/2017,33,10476.875,FALSE
1/29/2017,45,9951.125,FALSE
1/30/2017,39,11204,FALSE
1/31/2017,45,11242.29167,FALSE
2/1/2017,33,11219.375,FALSE
2/2/2017,34,11355.625,FALSE
2/3/2017,42,11386.29167,FALSE
2/4/2017,44,10080.66667,FALSE
2/5/2017,39,10134.875,FALSE
2/6/2017,46,11471.79167,FALSE
2/7/2017,53,11358.29167,FALSE
2/8/2017,51,11384.83333,FALSE
2/9/2017,45,11377.54167,FALSE
2/10/2017,47,11349.95833,FALSE
2/11/2017,47,10209.45833,FALSE
2/12/2017,42,9704.291667,TRUE
2/13/2017,39,10964.54167,FALSE
2/14/2017,44,10831.625,FALSE
2/15/2017,36,10786.16667,FALSE
2/16/2017,38,10757.41667,FALSE
2/17/2017,51,11196.75,FALSE
2/18/2017,47,9872.333333,FALSE
2/19/2017,49,9204.041667,FALSE
2/20/2017,47,10168.70833,FALSE
2/21/2017,49,10660.54167,FALSE
2/22/2017,43,10506.91667,TRUE
2/23/2017,34,10727.54167,FALSE
2/24/2017,31,10772.20833,FALSE
2/25/2017,30,9912.291667,FALSE
2/26/2017,40,9507.708333,FALSE
2/27/2017,37,11168.54167,FALSE
2/28/2017,37,10651.91667,FALSE
3/1/2017,33,10738.625,FALSE
3/2/2017,36,10608.54167,FALSE
3/3/2017,36,10420.625,FALSE
3/4/2017,37,9371,FALSE
3/5/2017,44,9163,FALSE
3/6/2017,31,10403,TRUE
3/7/2017,33,10601.625,FALSE
3/8/2017,38,10675.29167,FALSE
3/9/2017,39,10785.5,FALSE
3/10/2017,41,10871.79167,FALSE
3/11/2017,41,9841.166667,FALSE
3/12/2017,41,9617.086957,FALSE
3/13/2017,42,11255.45833,FALSE
3/14/2017,42,11491.375,FALSE
3/15/2017,45,11243,FALSE
3/16/2017,44,11341.75,FALSE
3/17/2017,44,11159.45833,FALSE
3/18/2017,44,10081.95833,FALSE
3/19/2017,42,9569.041667,FALSE
3/20/2017,45,10803.58333,FALSE
3/21/2017,52,10984.16667,FALSE
3/22/2017,46,10852,FALSE
3/23/2017,41,10485.25,FALSE
3/24/2017,35,10571.91667,FALSE
3/25/2017,41,9519.708333,FALSE
3/26/2017,45,9061.333333,FALSE
3/27/2017,47,10269.29167,FALSE
3/28/2017,44,10566.91667,FALSE
3/29/2017,37,10796.79167,FALSE
3/30/2017,39,10437,FALSE
3/31/2017,36,10318.125,FALSE
4/1/2017,37,9497.416667,FALSE
4/2/2017,40,9196.458333,FALSE
4/3/2017,39,10362.79167,FALSE
4/4/2017,48,10904.04167,FALSE
4/5/2017,44,11375.83333,FALSE
4/6/2017,43,11239.91667,FALSE
4/7/2017,42,10876.95833,FALSE
4/8/2017,45,9592.25,FALSE
4/9/2017,35,9125.708333,FALSE
4/10/2017,34,10563.33333,FALSE
4/11/2017,40,10922.66667,FALSE
4/12/2017,41,10927.56522,FALSE
4/13/2017,44,10804.91667,FALSE
4/14/2017,38,10226.66667,TRUE
4/15/2017,37,9669.291667,FALSE
4/16/2017,43,9183.833333,FALSE
4/17/2017,44,11004.625,FALSE
4/18/2017,54,11377,FALSE
4/19/2017,49,10851.9375,FALSE
4/20/2017,44,11186.70833,FALSE
4/21/2017,44,11871.25,FALSE
4/22/2017,46,11300.66667,FALSE
4/23/2017,50,10161.66667,FALSE
4/24/2017,54,11031.54167,FALSE
4/25/2017,49,10836.70833,FALSE
4/26/2017,46,11106.66667,FALSE
4/27/2017,46,11258.20833,FALSE
4/28/2017,50,11300.54167,FALSE
4/29/2017,51,10489,FALSE
4/30/2017,42,10199,FALSE
5/1/2017,43,11891.08333,FALSE
5/2/2017,47,12501.25,FALSE
5/3/2017,51,13042.95455,FALSE
5/4/2017,54,12876.91667,FALSE
5/5/2017,50,11742.41667,FALSE
5/6/2017,56,9998.833333,FALSE
5/7/2017,40,9283.625,FALSE
5/8/2017,40,10726.41667,FALSE
5/9/2017,48,11105.125,FALSE
5/10/2017,56,11269.66667,FALSE
5/11/2017,51,11432.95833,FALSE
5/12/2017,45,11195.875,FALSE
5/13/2017,51,9997.791667,FALSE
5/14/2017,42,9285.875,FALSE
5/15/2017,49,10725.33333,FALSE
5/16/2017,50,10862.75,FALSE
5/17/2017,50,10929.91667,FALSE
5/18/2017,44,11185.08333,FALSE
5/19/2017,46,11690.16667,FALSE
5/20/2017,45,11634.45833,FALSE
5/21/2017,50,11635.04167,FALSE
5/22/2017,51,12975.625,FALSE
5/23/2017,55,13226.25,FALSE
5/24/2017,51,12260.29167,FALSE
5/25/2017,54,11486.20833,FALSE
5/26/2017,56,11098.375,FALSE
5/27/2017,51,9905.708333,FALSE
5/28/2017,46,10006.5,FALSE
5/29/2017,52,10267.95833,TRUE
5/30/2017,51,11469.75,FALSE
5/31/2017,58,11173.79167,FALSE
6/1/2017,58,11301.41667,FALSE
6/2/2017,51,12364.375,FALSE
6/3/2017,54,11890.875,FALSE
6/4/2017,54,11403.83333,FALSE
6/5/2017,52,12591.875,FALSE
6/6/2017,56,12393.41667,FALSE
6/7/2017,59,12241.85714,FALSE
6/8/2017,60,11990.33333,FALSE
6/9/2017,54,11967.79167,FALSE
6/10/2017,55,10683.83333,FALSE
6/11/2017,55,9828.833333,FALSE
6/12/2017,50,11055.58333,FALSE
6/13/2017,44,11781,FALSE
6/14/2017,49,12899.54167,FALSE
6/15/2017,52,13624.875,FALSE
6/16/2017,54,14283.66667,FALSE
6/17/2017,55,13444.08333,FALSE
6/18/2017,55,13159.58333,FALSE
6/19/2017,60,15151.70833,FALSE
6/20/2017,61,15816.16667,FALSE
6/21/2017,61,15750.58333,FALSE
6/22/2017,60,14475.45833,FALSE
6/23/2017,56,14262.875,FALSE
6/24/2017,63,13443.54167,FALSE
6/25/2017,63,14213.375,FALSE
6/26/2017,62,15942.45833,FALSE
6/27/2017,56,15016.41667,FALSE
6/28/2017,52,13667.79167,FALSE
6/29/2017,53,13219.83333,FALSE
6/30/2017,56,13315.875,FALSE
7/1/2017,56,12096.16667,FALSE
7/2/2017,55,11893.58333,FALSE
7/3/2017,52,13211.70833,FALSE
7/4/2017,57,12982.16667,TRUE
7/5/2017,61,14889.29167,FALSE
7/6/2017,64,15032,FALSE
7/7/2017,66,16934.625,FALSE
7/8/2017,68,16524.375,FALSE
7/9/2017,70,15584.875,FALSE
7/10/2017,68,16698.56522,FALSE
7/11/2017,64,16008.5,FALSE
7/12/2017,64,15527.33333,FALSE
7/13/2017,63,15479.91304,FALSE
7/14/2017,61,15233.66667,FALSE
7/15/2017,64,14436.83333,FALSE
7/16/2017,67,13992.875,FALSE
7/17/2017,65,15348.20833,FALSE
7/18/2017,64,15278.95833,FALSE
7/19/2017,68,15509.04167,FALSE
7/20/2017,63,15418.66667,FALSE
7/21/2017,57,14996,FALSE
7/22/2017,61,14368.125,FALSE
7/23/2017,65,14168.58333,FALSE
7/24/2017,65,14274.16667,FALSE
7/25/2017,66,14912.125,FALSE
7/26/2017,64,15658.73913,FALSE
7/27/2017,62,15655.45833,FALSE
7/28/2017,60,15096.08333,FALSE
7/29/2017,59,13978.70833,FALSE
7/30/2017,60,13628.79167,FALSE
7/31/2017,61,15085.79167,FALSE
8/1/2017,72,16182.45833,FALSE
8/2/2017,75,16769.70833,FALSE
8/3/2017,75,17331.125,FALSE
8/4/2017,69,16544.33333,FALSE
8/5/2017,65,14307.125,FALSE
8/6/2017,62,13638.04167,FALSE
8/7/2017,64,15197.04167,FALSE
8/8/2017,62,15490.375,FALSE
8/9/2017,60,15053.20833,FALSE
8/10/2017,60,15443.66667,FALSE
8/11/2017,66,15757.43478,FALSE
8/12/2017,63,14069.5,FALSE
8/13/2017,56,13232.58333,FALSE
8/14/2017,59,13782.29167,FALSE
8/15/2017,59,13145.54167,FALSE
8/16/2017,59,13337.70833,FALSE
8/17/2017,58,13755.04167,FALSE
8/18/2017,59,14036.54167,FALSE
8/19/2017,59,12909.54167,FALSE
8/20/2017,56,12260.25,FALSE
8/21/2017,59,13684.66667,FALSE
8/22/2017,57,14339.83333,FALSE
8/23/2017,62,14076.16667,FALSE
8/24/2017,62,13808.79167,FALSE
8/25/2017,60,14200.26087,FALSE
8/26/2017,60,14401.54167,FALSE
8/27/2017,63,14412.08333,FALSE
8/28/2017,67,16845.83333,FALSE
8/29/2017,69,17958.54167,FALSE
8/30/2017,71,18262.625,FALSE
8/31/2017,78,18481.54167,FALSE
9/1/2017,69,18608.25,FALSE
9/2/2017,70,17429.83333,FALSE
9/3/2017,82,16202.95833,FALSE
9/4/2017,69,14340,TRUE
9/5/2017,64,15633.45833,FALSE
9/6/2017,69,15595.75,FALSE
9/7/2017,59,15686.84211,FALSE
9/8/2017,62,14359.625,FALSE
9/9/2017,61,13120.54167,FALSE
9/10/2017,65,13634.25,FALSE
9/11/2017,68,15617.41667,FALSE
9/12/2017,65,15054.16667,FALSE
9/13/2017,61,13459.41667,FALSE
9/14/2017,55,12345.625,FALSE
9/15/2017,60,12020.91667,FALSE
9/16/2017,61,11588.5,FALSE
9/17/2017,57,10893.16667,FALSE
9/18/2017,53,12261.08333,FALSE
9/19/2017,59,12370.16667,FALSE
9/20/2017,62,12247.33333,FALSE
9/21/2017,60,11829.83333,FALSE
9/22/2017,45,11274.33333,FALSE
9/23/2017,47,10363.75,FALSE
9/24/2017,43,10308.45833,FALSE
9/25/2017,44,11323.8125,FALSE
9/26/2017,47,12568.91304,FALSE
9/27/2017,47,12777.91667,FALSE
9/28/2017,48,12898.58333,FALSE
9/29/2017,49,13174.375,FALSE
9/30/2017,50,11618.33333,FALSE
10/1/2017,57,10771.66667,FALSE
10/2/2017,57,12031.625,FALSE
10/3/2017,57,11879.375,FALSE
10/4/2017,44,11879.95833,FALSE
10/5/2017,42,12085.08333,FALSE
10/6/2017,44,12629.70833,FALSE
10/7/2017,47,11993.5,FALSE
10/8/2017,45,10767.33333,FALSE
10/9/2017,51,12077.375,TRUE
10/10/2017,44,12187.25,FALSE
10/11/2017,45,11895.79167,FALSE
10/12/2017,48,11948.54167,FALSE
10/13/2017,44,11861.5,FALSE
10/14/2017,44,11095.83333,FALSE
10/15/2017,55,11159.875,FALSE
10/16/2017,49,13156.08333,FALSE
10/17/2017,51,13303.79167,FALSE
10/18/2017,56,13410.29167,FALSE
10/19/2017,51,12450.95833,FALSE
10/20/2017,56,11799.45833,FALSE
10/21/2017,45,10586.08333,FALSE
10/22/2017,46,10981.75,FALSE
10/23/2017,55,14283.41667,FALSE
10/24/2017,60,15947.375,FALSE
10/25/2017,53,15205.66667,FALSE
10/26/2017,47,13656.58333,FALSE
10/27/2017,46,12946.79167,FALSE
10/28/2017,46,11475.41667,FALSE
10/29/2017,47,10333.91667,FALSE
10/30/2017,58,11436.16667,FALSE
10/31/2017,58,11386.08333,FALSE
11/1/2017,58,11381.625,FALSE
11/2/2017,57,11313,FALSE
11/3/2017,44,10971.70833,FALSE
11/4/2017,43,10197.41667,FALSE
11/5/2017,44,9896.5,FALSE
11/6/2017,47,11086.88,FALSE
11/7/2017,51,11429.20833,TRUE
11/8/2017,46,11585.33333,FALSE
11/9/2017,47,11532.95833,FALSE
11/10/2017,43,11132.66667,FALSE
11/11/2017,41,10210.66667,TRUE
11/12/2017,43,10010.66667,FALSE
11/13/2017,40,11079.58333,FALSE
11/14/2017,39,11249.91667,FALSE
11/15/2017,46,11462.5,FALSE
11/16/2017,47,11561.625,FALSE
11/17/2017,57,11362.83333,FALSE
11/18/2017,43,10323.20833,FALSE
11/19/2017,33,9819.083333,FALSE
11/20/2017,35,11065.45833,FALSE
11/21/2017,44,11634.54167,FALSE
11/22/2017,53,12222,FALSE
11/23/2017,45,10921.83333,TRUE
11/24/2017,44,10537.66667,FALSE
11/25/2017,43,10442.04167,FALSE
11/26/2017,39,10018.75,FALSE
11/27/2017,49,11215.20833,FALSE
11/28/2017,34,11552.45833,FALSE
11/29/2017,38,11631,FALSE
11/30/2017,38,11594.83333,FALSE
12/1/2017,38,11477.75,FALSE
12/2/2017,38,10562.04167,FALSE
12/3/2017,40,9880.333333,FALSE
12/4/2017,41,11399.33333,FALSE
12/5/2017,44,11439.91667,FALSE
12/6/2017,32,11714.66667,FALSE
12/7/2017,35,11641.25,FALSE
12/8/2017,32,11548.33333,FALSE
12/9/2017,38,10744.83333,FALSE
12/10/2017,42,10317.79167,FALSE
12/11/2017,41,11617,FALSE
12/12/2017,31,11721.375,FALSE
12/13/2017,33,11770.79167,FALSE
12/14/2017,31,11695.54167,FALSE
12/15/2017,37,11601.41667,FALSE
12/16/2017,37,10609.375,FALSE
12/17/2017,37,10186.04167,FALSE
12/18/2017,29,11555.125,FALSE
12/19/2017,28,11732.54167,FALSE
12/20/2017,29,11813.875,FALSE
12/21/2017,29,11827.79167,FALSE
12/22/2017,21,11815.41667,FALSE
12/23/2017,32,10906.04167,FALSE
12/24/2017,31,10138.70833,FALSE
12/25/2017,30,9855.625,TRUE
12/26/2017,31,10959.91667,FALSE
12/27/2017,32,11218.04167,FALSE
12/28/2017,33,11150.95833,FALSE
12/29/2017,33,11105.58333,FALSE
12/30/2017,31,10277.41667,FALSE
12/31/2017,37,9872.583333,FALSE
1/1/2018,31,9476.541667,TRUE
1/2/2018,42,10633.16667,FALSE
1/3/2018,45,11044.45833,FALSE
1/4/2018,38,10997.20833,FALSE
1/5/2018,40,10812.08333,FALSE
1/6/2018,45,9955.416667,FALSE
1/7/2018,40,9496.291667,FALSE
1/8/2018,56,11094.75,FALSE
1/9/2018,50,11072.125,FALSE
1/10/2018,43,10873.75,FALSE
1/11/2018,42,10875.08333,FALSE
1/12/2018,52,10721.33333,FALSE
1/13/2018,52,9957.541667,FALSE
1/14/2018,46,9451.875,FALSE
1/15/2018,38,10592.29167,TRUE
1/16/2018,42,10854.375,FALSE
1/17/2018,39,10939.04167,FALSE
1/18/2018,42,10909.83333,FALSE
1/19/2018,41,10883.91667,FALSE
1/20/2018,36,10021.70833,TRUE
1/21/2018,26,9874.833333,FALSE
1/22/2018,29,11011.54167,FALSE
1/23/2018,33,11092.16667,FALSE
1/24/2018,32,10919.375,FALSE
1/25/2018,29,11150.125,FALSE
1/26/2018,29,10983.31818,FALSE
1/27/2018,30,10083.375,FALSE
1/28/2018,41,9673.333333,FALSE
1/29/2018,46,11156.58333,FALSE
1/30/2018,40,11211.41667,FALSE
1/31/2018,35,11026.08696,FALSE
2/1/2018,33,11045.125,FALSE
2/2/2018,36,11019.29167,FALSE
2/3/2018,37,9924.291667,FALSE
2/4/2018,39,9635.458333,FALSE
2/5/2018,37,10552.04167,FALSE
2/6/2018,37,10749.5,FALSE
2/7/2018,43,11086.625,FALSE
2/8/2018,38,11134.66667,FALSE
2/9/2018,36,10882.95833,FALSE
2/10/2018,37,9887.833333,FALSE
2/11/2018,43,9341.375,FALSE
2/12/2018,41,10745.125,TRUE
2/13/2018,30,10981.58333,FALSE
2/14/2018,40,11047.83333,FALSE
2/15/2018,39,10751.20833,FALSE
2/16/2018,37,10596.30435,FALSE
2/17/2018,28,9565.541667,FALSE
2/18/2018,32,9038.541667,FALSE
2/19/2018,45,10381,FALSE
2/20/2018,18,11224.79167,FALSE
2/21/2018,24,11162.54167,FALSE
2/22/2018,25,11205.79167,TRUE
2/23/2018,38,10927.70833,FALSE
2/24/2018,22,10017.70833,FALSE
2/25/2018,24,9382.708333,FALSE
2/26/2018,24,10682.66667,FALSE
2/27/2018,38,11047.16667,FALSE
2/28/2018,27,10886.75,FALSE
3/1/2018,30,10712.83333,FALSE
3/2/2018,36,10832,FALSE
3/3/2018,45,9627.083333,FALSE
3/4/2018,32,9089.25,FALSE
3/5/2018,34,10347.83333,TRUE
3/6/2018,39,10376.375,FALSE
3/7/2018,35,10571.58333,FALSE
3/8/2018,41,10373.52174,FALSE
3/9/2018,38,10319.20833,FALSE
3/10/2018,48,9796.375,FALSE
3/11/2018,53,9193.173913,FALSE
3/12/2018,52,10509.6087,FALSE
3/13/2018,50,10863.91667,FALSE
3/14/2018,52,10553.20833,FALSE
3/15/2018,49,10389.54545,FALSE
3/16/2018,39,10675.16667,FALSE
3/17/2018,38,9471.25,FALSE
3/18/2018,36,9104,FALSE
3/19/2018,35,10255.04167,FALSE
3/20/2018,43,10478.08333,FALSE
3/21/2018,43,10718.66667,FALSE
3/22/2018,57,10891.04167,FALSE
3/23/2018,48,10282.875,FALSE
3/24/2018,45,9337.958333,FALSE
3/25/2018,39,9023.666667,FALSE
3/26/2018,33,10397.83333,FALSE
3/27/2018,33,10608.66667,FALSE
3/28/2018,36,10707.45833,FALSE
3/29/2018,39,10817.5,FALSE
3/30/2018,43,10683.33333,TRUE
3/31/2018,43,9597.208333,FALSE
4/1/2018,47,8910.708333,FALSE
4/2/2018,46,10302.95833,FALSE
4/3/2018,52,10707.45833,FALSE
4/4/2018,44,10870.66667,FALSE
4/5/2018,47,10846.5,FALSE
4/6/2018,50,10543.29167,FALSE
4/7/2018,49,9797.458333,FALSE
4/8/2018,51,9366.25,FALSE
4/9/2018,45,11556.66667,FALSE
4/10/2018,47,11865.375,FALSE
4/11/2018,47,11149.08333,FALSE
4/12/2018,49,10440.29167,FALSE
4/13/2018,45,10459.16667,FALSE
4/14/2018,39,9865.791667,FALSE
4/15/2018,39,9313.5,FALSE
4/16/2018,44,10158.16667,FALSE
4/17/2018,34,10194.78261,FALSE
4/18/2018,36,10432.91667,FALSE
4/19/2018,42,10422.54167,FALSE
4/20/2018,36,10278.91667,FALSE
4/21/2018,41,9794.416667,FALSE
4/22/2018,45,9694,FALSE
4/23/2018,45,11091.95833,FALSE
4/24/2018,44,11093.75,FALSE
4/25/2018,45,11135,FALSE
4/26/2018,47,11033.625,FALSE
4/27/2018,47,10647.83333,FALSE
4/28/2018,41,9507.833333,FALSE
4/29/2018,52,9126.583333,FALSE
4/30/2018,53,10564.45833,FALSE
5/1/2018,49,10864.33333,FALSE
5/2/2018,48,10935.70833,FALSE
5/3/2018,49,10819.54167,FALSE
5/4/2018,46,11644.45833,FALSE
5/5/2018,47,11213.54167,FALSE
5/6/2018,51,10569.20833,FALSE
5/7/2018,50,11550.45833,FALSE
5/8/2018,47,11794.25,FALSE
5/9/2018,51,11996.375,FALSE
5/10/2018,52,11753.75,FALSE
5/11/2018,54,11015.04167,FALSE
5/12/2018,51,9860.208333,FALSE
5/13/2018,48,9298.916667,FALSE
5/14/2018,43,10614.75,FALSE
5/15/2018,45,10909.875,FALSE
5/16/2018,45,11026.25,FALSE
5/17/2018,49,10937.83333,FALSE
5/18/2018,51,10888.75,FALSE
5/19/2018,51,10191.79167,FALSE
5/20/2018,58,9730.25,FALSE
5/21/2018,56,10813.33333,FALSE
5/22/2018,52,10970.20833,FALSE
5/23/2018,54,11102.79167,FALSE
5/24/2018,56,11083.25,FALSE
5/25/2018,55,10648.75,FALSE
5/26/2018,50,9541.041667,FALSE
5/27/2018,49,9243.916667,FALSE
5/28/2018,49,9935.291667,TRUE
5/29/2018,54,11502.04167,FALSE
5/30/2018,58,11422.75,FALSE
5/31/2018,59,11078.16667,FALSE
6/1/2018,48,11139.5,FALSE
6/2/2018,52,11030.70833,FALSE
6/3/2018,54,11176,FALSE
6/4/2018,54,12398.08333,FALSE
6/5/2018,54,11951.91667,FALSE
6/6/2018,57,11686.33333,FALSE
6/7/2018,50,11660.08333,FALSE
6/8/2018,52,12313.08333,FALSE
6/9/2018,55,11545.29167,FALSE
6/10/2018,54,10885.45833,FALSE
6/11/2018,56,12826.25,FALSE
6/12/2018,57,13248.875,FALSE
6/13/2018,57,13504.875,FALSE
6/14/2018,58,13564.66667,FALSE
6/15/2018,59,12989.79167,FALSE
6/16/2018,58,10719.41667,FALSE
6/17/2018,57,9664.458333,FALSE
6/18/2018,57,11225.20833,FALSE
6/19/2018,51,12164,FALSE
6/20/2018,54,13030,FALSE
6/21/2018,56,13268.25,FALSE
6/22/2018,59,13344.54167,FALSE
6/23/2018,57,11709.875,FALSE
6/24/2018,58,11021.58333,FALSE
6/25/2018,53,12750.45833,FALSE
6/26/2018,55,13163.125,FALSE
6/27/2018,55,13239.125,FALSE
6/28/2018,53,12796.5,FALSE
6/29/2018,57,12343.58333,FALSE
6/30/2018,58,11626.375,FALSE
7/1/2018,56,11663.25,FALSE
7/2/2018,57,13134.41667,FALSE
7/3/2018,60,13017.08333,FALSE
7/4/2018,55,11910.75,TRUE
7/5/2018,56,14028.58333,FALSE
7/6/2018,63,17567.875,FALSE
7/7/2018,76,17378.54167,FALSE
7/8/2018,71,16155.75,FALSE
7/9/2018,73,16763.20833,FALSE
7/10/2018,73,16374.08333,FALSE
7/11/2018,69,16260.375,FALSE
7/12/2018,69,16341.45833,FALSE
7/13/2018,68,16178.29167,FALSE
7/14/2018,67,15067.54167,FALSE
7/15/2018,67,14551.29167,FALSE
7/16/2018,66,15748.75,FALSE
7/17/2018,65,15835.58333,FALSE
7/18/2018,68,15619.41667,FALSE
7/19/2018,67,16179.29167,FALSE
7/20/2018,67,15695.29167,FALSE
7/21/2018,65,14549.66667,FALSE
7/22/2018,64,14667.625,FALSE
7/23/2018,68,17360.375,FALSE
7/24/2018,70,18058.08333,FALSE
7/25/2018,71,17956,FALSE
7/26/2018,69,17235.91667,FALSE
7/27/2018,64,16862.70833,FALSE
7/28/2018,64,15350.70833,FALSE
7/29/2018,68,15214.875,FALSE
7/30/2018,71,16990.5,FALSE
7/31/2018,71,17081.75,FALSE
8/1/2018,70,17292.91667,FALSE
8/2/2018,71,17067.41667,FALSE
8/3/2018,68,16807.45833,FALSE
8/4/2018,67,15404.79167,FALSE
8/5/2018,61,14870.41667,FALSE
8/6/2018,61,16954.75,FALSE
8/7/2018,67,17654.70833,FALSE
8/8/2018,65,17215.79167,FALSE
8/9/2018,66,17357.29167,FALSE
8/10/2018,72,16701.08333,FALSE
8/11/2018,66,15427.75,FALSE
8/12/2018,67,15066.04167,FALSE
8/13/2018,65,15522.125,FALSE
8/14/2018,62,15335.20833,FALSE
8/15/2018,63,15829.54167,FALSE
8/16/2018,67,16234.375,FALSE
8/17/2018,67,16471.70833,FALSE
8/18/2018,67,15154.66667,FALSE
8/19/2018,65,14728.29167,FALSE
8/20/2018,66,15638.79167,FALSE
8/21/2018,64,15434.75,FALSE
8/22/2018,64,15477.04167,FALSE
8/23/2018,61,15031.75,FALSE
8/24/2018,61,14216.25,FALSE
8/25/2018,61,13061.20833,FALSE
8/26/2018,60,12488.25,FALSE
8/27/2018,59,13558.08333,FALSE
8/28/2018,57,13691.20833,FALSE
8/29/2018,59,14334.45833,FALSE
8/30/2018,56,14253.91667,FALSE
8/31/2018,54,13980,FALSE
9/1/2018,58,12497.375,FALSE
9/2/2018,60,11841.08333,FALSE
9/3/2018,62,12416.875,TRUE
9/4/2018,60,13764.04167,FALSE
9/5/2018,58,13769.04167,FALSE
9/6/2018,58,13609.73913,FALSE
9/7/2018,59,14163.70833,FALSE
9/8/2018,60,14034.5,FALSE
9/9/2018,56,13300.29167,FALSE
9/10/2018,57,13983.08333,FALSE
9/11/2018,54,13423.125,FALSE
9/12/2018,55,13241.70833,FALSE
9/13/2018,54,13380.66667,FALSE
9/14/2018,54,13642.41667,FALSE
9/15/2018,56,12486.54167,FALSE
9/16/2018,56,11993.125,FALSE
9/17/2018,59,12969.70833,FALSE
9/18/2018,54,12740.41667,FALSE
9/19/2018,55,12636.33333,FALSE
9/20/2018,61,13046.25,FALSE
9/21/2018,62,13409.45833,FALSE
9/22/2018,59,12728.75,FALSE
9/23/2018,60,11934.08333,FALSE
9/24/2018,55,12556.75,FALSE
9/25/2018,57,12254.66667,FALSE
9/26/2018,55,13129.79167,FALSE
9/27/2018,58,13693.33333,FALSE
9/28/2018,58,13337.79167,FALSE
9/29/2018,56,11744.79167,FALSE
9/30/2018,59,11518,FALSE
10/1/2018,63,13809.29167,FALSE
10/2/2018,71,12918.83333,FALSE
10/3/2018,60,12383.75,FALSE
10/4/2018,58,12110.25,FALSE
10/5/2018,55,11883.5,FALSE
10/6/2018,53,10456.375,FALSE
10/7/2018,55,10027.75,FALSE
10/8/2018,51,11419.29167,TRUE
10/9/2018,51,11551.79167,FALSE
10/10/2018,52,11380.45833,FALSE
10/11/2018,58,11367.70833,FALSE
10/12/2018,49,11405.54167,FALSE
10/13/2018,58,10083.75,FALSE
10/14/2018,56,9617.458333,FALSE
10/15/2018,55,10528.45833,FALSE
10/16/2018,44,10768.875,FALSE
10/17/2018,47,10957.875,FALSE
10/18/2018,46,11270.125,FALSE
10/19/2018,51,11564.58333,FALSE
10/20/2018,47,10691.08333,FALSE
10/21/2018,48,10140.75,FALSE
10/22/2018,49,11108.83333,FALSE
10/23/2018,51,11459.125,FALSE
10/24/2018,51,11588.5,FALSE
10/25/2018,49,11801.29167,FALSE
10/26/2018,48,11811,FALSE
10/27/2018,48,10913.95833,FALSE
10/28/2018,48,10146.75,FALSE
10/29/2018,47,11224.625,FALSE
10/30/2018,47,11254.70833,FALSE
10/31/2018,48,11113.34783,FALSE
11/1/2018,43,11321,FALSE
11/2/2018,47,11677.04167,FALSE
11/3/2018,46,10628.45833,FALSE
11/4/2018,47,10110.95833,FALSE
11/5/2018,44,10924.76,FALSE
11/6/2018,49,10924.5,TRUE
11/7/2018,48,10968.54167,FALSE
11/8/2018,51,10791.91667,FALSE
11/9/2018,44,10657.70833,FALSE
11/10/2018,33,9917.041667,FALSE
11/11/2018,33,9426.125,TRUE
11/12/2018,35,10646.58333,FALSE
11/13/2018,52,10917.20833,FALSE
11/14/2018,51,11148.83333,FALSE
11/15/2018,37,10962.29167,FALSE
11/16/2018,37,11076.91667,FALSE
11/17/2018,37,10151.66667,FALSE
11/18/2018,41,9736.083333,FALSE
11/19/2018,38,10999.83333,FALSE
11/20/2018,38,10953.25,FALSE
11/21/2018,38,10833.125,FALSE
11/22/2018,52,9227.75,TRUE
11/23/2018,42,9454.875,FALSE
11/24/2018,44,9501.333333,FALSE
11/25/2018,41,9421.958333,FALSE
11/26/2018,42,10820.29167,FALSE
11/27/2018,39,10927.83333,FALSE
11/28/2018,36,10934.33333,FALSE
11/29/2018,52,11042.58333,FALSE
11/30/2018,46,10729.875,FALSE
12/1/2018,40,9867.041667,FALSE
12/2/2018,38,9569.583333,FALSE
12/3/2018,37,10791.54167,FALSE
12/4/2018,39,10869.54167,FALSE
12/5/2018,35,11348.75,FALSE
12/6/2018,48,11487.70833,FALSE
12/7/2018,44,10797.875,FALSE
12/8/2018,38,9801.791667,FALSE
12/9/2018,40,9476.25,FALSE
12/10/2018,47,10966.04167,FALSE
12/11/2018,41,10832.95833,FALSE
12/12/2018,37,10910.41667,FALSE
12/13/2018,35,10985.66667,FALSE
12/14/2018,44,11189.66667,FALSE
12/15/2018,39,10013.08333,FALSE
12/16/2018,35,9675.875,FALSE
12/17/2018,45,10658.45833,FALSE
12/18/2018,44,10730.5,FALSE
12/19/2018,37,10879.45833,FALSE
12/20/2018,35,10894.08696,FALSE
12/21/2018,40,10645.29167,FALSE
12/22/2018,35,9883.041667,FALSE
12/23/2018,35,9597.181818,FALSE
12/24/2018,36,9473.5,FALSE
12/25/2018,44,8975.416667,TRUE
12/26/2018,37,10315.5,FALSE
12/27/2018,33,10746.08333,FALSE
12/28/2018,36,10906.16667,FALSE
12/29/2018,23,10247.95833,FALSE
12/30/2018,28,9755.833333,FALSE
12/31/2018,34,10216.70833,FALSE
1/1/2019,36,9705.875,TRUE
1/2/2019,26,10770.625,FALSE
1/3/2019,28,11135,FALSE
1/4/2019,27,11002.33333,FALSE
1/5/2019,36,10628.41667,FALSE
1/6/2019,45,9656.208333,FALSE
1/7/2019,44,10814.5,FALSE
1/8/2019,50,10685.08333,FALSE
1/9/2019,36,10666.70833,FALSE
1/10/2019,35,10670.41667,FALSE
1/11/2019,39,10723.58333,FALSE
1/12/2019,46,9908.833333,FALSE
1/13/2019,31,9360.666667,FALSE
1/14/2019,49,11183.16667,FALSE
1/15/2019,46,11118.25,FALSE
1/16/2019,50,10865.79167,FALSE
1/17/2019,54,10909.08333,FALSE
1/18/2019,48,10318.75,FALSE
1/19/2019,41,9291.083333,FALSE
1/20/2019,38,8877.916667,TRUE
1/21/2019,44,10010,TRUE
1/22/2019,41,10548.91667,FALSE
1/23/2019,30,10567.08333,FALSE
1/24/2019,34,10554.08333,FALSE
1/25/2019,40,10275.95833,FALSE
1/26/2019,35,9248.958333,FALSE
1/27/2019,39,8726.875,FALSE
1/28/2019,35,10275.29167,FALSE
1/29/2019,47,10314.5,FALSE
1/30/2019,43,10342.25,FALSE
1/31/2019,41,10619.25,FALSE
2/1/2019,36,10339.91667,FALSE
2/2/2019,51,10036.58333,FALSE
2/3/2019,43,9514.416667,FALSE
2/4/2019,47,10768.125,FALSE
2/5/2019,43,10961.45833,FALSE
2/6/2019,29,11093.41667,FALSE
2/7/2019,26,11090.41667,FALSE
2/8/2019,27,10856.125,FALSE
2/9/2019,35,9936.583333,FALSE
2/10/2019,33,9818.958333,FALSE
2/11/2019,26,10722.45833,FALSE
2/12/2019,29,10866.625,TRUE
2/13/2019,41,11072.33333,FALSE
2/14/2019,50,11055.75,FALSE
2/15/2019,44,10559.41667,FALSE
2/16/2019,35,9639.041667,FALSE
2/17/2019,33,9518.5,FALSE
2/18/2019,29,10573,FALSE
2/19/2019,31,11039.95833,FALSE
2/20/2019,28,11489.95833,FALSE
2/21/2019,36,11370.20833,FALSE
2/22/2019,28,10953.83333,TRUE
2/23/2019,24,9990.541667,FALSE
2/24/2019,34,9112.75,FALSE
2/25/2019,35,10240.70833,FALSE
2/26/2019,34,10399.79167,FALSE
2/27/2019,41,10350.91667,FALSE
2/28/2019,51,10163.91667,FALSE
3/1/2019,51,9988.041667,FALSE
3/2/2019,51,9553.5,FALSE
3/3/2019,50,8839.666667,FALSE
3/4/2019,40,10266.66667,TRUE
3/5/2019,36,10697.75,FALSE
3/6/2019,49,10991.54167,FALSE
3/7/2019,48,10570.45833,FALSE
3/8/2019,40,10679.875,FALSE
3/9/2019,38,9820.708333,FALSE
3/10/2019,37,9554.086957,FALSE
3/11/2019,36,11011.54167,FALSE
3/12/2019,46,10501,FALSE
3/13/2019,44,9995.75,FALSE
3/14/2019,34,10416.125,FALSE
3/15/2019,36,9872.916667,FALSE
3/16/2019,36,9358.875,FALSE
3/17/2019,36,9125.875,FALSE
3/18/2019,39,10425.45833,FALSE
3/19/2019,43,10412.45833,FALSE
3/20/2019,46,10396.58333,FALSE
3/21/2019,42,10295.70833,FALSE
3/22/2019,42,9947.791667,FALSE
3/23/2019,40,9137.416667,FALSE
3/24/2019,45,8592.958333,FALSE
3/25/2019,37,10097.58333,FALSE
3/26/2019,40,10186,FALSE
3/27/2019,42,10181.33333,FALSE
3/28/2019,42,10115.95833,FALSE
3/29/2019,36,9976.416667,FALSE
3/30/2019,35,9317.333333,FALSE
3/31/2019,37,9127.958333,FALSE
4/1/2019,43,10614.125,FALSE
4/2/2019,42,10401.79167,FALSE
4/3/2019,51,10377.08333,FALSE
4/4/2019,47,10492.66667,FALSE
4/5/2019,50,10149.625,FALSE
4/6/2019,45,9150.125,FALSE
4/7/2019,43,9199.25,FALSE
4/8/2019,45,10970.125,FALSE
4/9/2019,47,10378.41667,FALSE
4/10/2019,41,10401.79167,FALSE
4/11/2019,37,10561.16667,FALSE
4/12/2019,41,10358.375,FALSE
4/13/2019,38,9606.125,FALSE
4/14/2019,39,9126.291667,FALSE
4/15/2019,39,10314.33333,FALSE
4/16/2019,49,10643.5,FALSE
4/17/2019,41,10786.54167,FALSE
4/18/2019,42,11462.91667,FALSE
4/19/2019,46,10972.5,TRUE
4/20/2019,51,9708.958333,FALSE
4/21/2019,48,8988.666667,FALSE
4/22/2019,43,10268.57143,FALSE
4/23/2019,46,10950.83333,FALSE
4/24/2019,46,11279.5,FALSE
4/25/2019,48,11628.29167,FALSE
4/26/2019,49,11249.75,FALSE
4/27/2019,51,10032.41667,FALSE
4/28/2019,53,9633.208333,FALSE
4/29/2019,55,10630.16667,FALSE
4/30/2019,53,10540.5,FALSE
5/1/2019,48,10593.41667,FALSE
5/2/2019,42,10763.83333,FALSE
5/3/2019,44,10805.41667,FALSE
5/4/2019,42,9845.791667,FALSE
5/5/2019,49,9234.625,FALSE
5/6/2019,53,10543.375,FALSE
5/7/2019,52,10723.83333,FALSE
5/8/2019,54,10875.54167,FALSE
5/9/2019,54,10898.95833,FALSE
5/10/2019,53,10780.66667,FALSE
5/11/2019,52,9720.916667,FALSE
5/12/2019,45,9478.458333,FALSE
5/13/2019,52,10835.66667,FALSE
5/14/2019,55,11137.875,FALSE
5/15/2019,56,10903.16667,FALSE
5/16/2019,47,10486,FALSE
5/17/2019,49,10148.79167,FALSE
5/18/2019,39,9378.875,FALSE
5/19/2019,47,8895.958333,FALSE
5/20/2019,47,9938.541667,FALSE
5/21/2019,50,10249.375,FALSE
5/22/2019,48,10307.91667,FALSE
5/23/2019,48,10623.75,FALSE
5/24/2019,40,10169.66667,FALSE
5/25/2019,44,9121.75,FALSE
5/26/2019,54,8946.041667,FALSE
5/27/2019,41,8600.541667,TRUE
5/28/2019,40,10016.29167,FALSE
5/29/2019,46,10654.66667,FALSE
5/30/2019,49,10945.75,FALSE
5/31/2019,51,10804.75,FALSE
6/1/2019,57,9813,FALSE
6/2/2019,55,9407.375,FALSE
6/3/2019,53,10767.54167,FALSE
6/4/2019,53,11380.20833,FALSE
6/5/2019,55,11992.41667,FALSE
6/6/2019,57,11941.45833,FALSE
6/7/2019,61,11269.08333,FALSE
6/8/2019,52,10734.29167,FALSE
6/9/2019,55,11289.70833,FALSE
6/10/2019,55,14064.20833,FALSE
6/11/2019,61,14840.125,FALSE
6/12/2019,59,14040.16667,FALSE
6/13/2019,57,12284.70833,FALSE
6/14/2019,57,11459.04167,FALSE
6/15/2019,55,10664.75,FALSE
6/16/2019,58,10072.375,FALSE
6/17/2019,56,11382.58333,FALSE
6/18/2019,56,11707.45833,FALSE
6/19/2019,55,12157.20833,FALSE
6/20/2019,59,11606.5,FALSE
6/21/2019,60,11093.91667,FALSE
6/22/2019,59,10236.45833,FALSE
6/23/2019,58,10489.29167,FALSE
6/24/2019,55,11866.08333,FALSE
6/25/2019,55,11476.91667,FALSE
6/26/2019,57,11528.66667,FALSE
6/27/2019,55,11729.875,FALSE
6/28/2019,53,11845.875,FALSE
6/29/2019,55,11168.25,FALSE
6/30/2019,60,11315.04167,FALSE
7/1/2019,53,12799.54167,FALSE
7/2/2019,54,12865,FALSE
7/3/2019,57,12441.58333,FALSE
7/4/2019,55,10856.43478,TRUE
7/5/2019,54,11688.79167,FALSE
7/6/2019,56,11229.95833,FALSE
7/7/2019,56,10493.25,FALSE
7/8/2019,59,11612.25,FALSE
7/9/2019,57,12449.70833,FALSE
7/10/2019,56,13123.25,FALSE
7/11/2019,57,13803.04167,FALSE
7/12/2019,60,14359.41667,FALSE
7/13/2019,62,13540.45833,FALSE
7/14/2019,58,13132.29167,FALSE
7/15/2019,58,14535.29167,FALSE
7/16/2019,59,14422.45833,FALSE
7/17/2019,55,13815.95833,FALSE
7/18/2019,56,13647.16667,FALSE
7/19/2019,56,12966.20833,FALSE
7/20/2019,54,11925,FALSE
7/21/2019,58,12380.16667,FALSE
7/22/2019,62,14363.20833,FALSE
7/23/2019,75,16150.875,FALSE
7/24/2019,69,16176.45833,FALSE
7/25/2019,74,15611.66667,FALSE
7/26/2019,68,16144.70833,FALSE
7/27/2019,63,15046.41667,FALSE
7/28/2019,64,14073.58333,FALSE
7/29/2019,59,14845.70833,FALSE
7/30/2019,59,14750.41667,FALSE
7/31/2019,61,14666.20833,FALSE
8/1/2019,60,14798.54167,FALSE
8/2/2019,58,14621.58333,FALSE
8/3/2019,61,13780.45833,FALSE
8/4/2019,59,13523.58333,FALSE
8/5/2019,59,15110.79167,FALSE
8/6/2019,62,15213.29167,FALSE
8/7/2019,66,14606.54167,FALSE
8/8/2019,60,14122.33333,FALSE
8/9/2019,54,13572.25,FALSE
8/10/2019,52,12156.75,FALSE
8/11/2019,53,12013.29167,FALSE
8/12/2019,55,13766.08333,FALSE
8/13/2019,57,14431.70833,FALSE
8/14/2019,57,14948.34783,FALSE
8/15/2019,55,14737,FALSE
8/16/2019,56,14039.5,FALSE
8/17/2019,55,12295.45833,FALSE
8/18/2019,56,11731.45833,FALSE
8/19/2019,57,13416.125,FALSE
8/20/2019,56,14003.25,FALSE
8/21/2019,55,14487.04167,FALSE
8/22/2019,55,13853.29167,FALSE
8/23/2019,55,13559.125,FALSE
8/24/2019,58,13781.08333,FALSE
8/25/2019,64,13745.33333,FALSE
8/26/2019,66,15547.91667,FALSE
8/27/2019,65,15742.875,FALSE
8/28/2019,64,15111.625,FALSE
8/29/2019,63,15619.95833,FALSE
8/30/2019,63,15744.41667,FALSE
8/31/2019,59,14293.25,FALSE
9/1/2019,62,13972,FALSE
